{
  "users": [
    {
      "id": "1",
      "username": "ciao",
      "password": "password123"
    },
    {
      "id": "2",
      "username": "janedoe",
      "password": "mypassword"
    }
  ],
  "clients": [
    {
      "nome": "Luisa",
      "cognome": "Verdi",
      "email": "luisa.verdi@example.com",
      "codiceFiscale": "THRJ87RTJFI90ER",
      "dataDiNascita": "2000-08-18",
      "azienda": "Innovaty",
      "userId": "1",
      "id": "2"
    },
    {
      "id": "3",
      "codiceFiscale": "THRJ87RTJFI90ER",
      "nome": "Paolo",
      "cognome": "Bianchi",
      "email": "paolo.bianchi@example.com",
      "azienda": "DevSolutions",
      "userId": 2
    },
    {
      "nome": "Peppino",
      "cognome": "messi",
      "email": "fdjfdfhjfhj@gmsms.com",
      "codiceFiscale": "THRJ87RTJFI90ER",
      "dataDiNascita": "2000-08-16",
      "azienda": "ronny.csc",
      "userId": "1",
      "id": "4599"
    },
    {
      "id": "7675",
      "nome": "antonio",
      "cognome": "ciao",
      "email": "anto333@cffgf.com",
      "codiceFiscale": "fjfjeofejfoe98",
      "dataDiNascita": "1999-04-12",
      "azienda": "messi.src",
      "userId": "1"
    }
  ]
}